Date,"Weight (kg)","Fat mass (kg)","Bone mass (kg)","Muscle mass (kg)","Hydration (kg)",Comments
"2025-12-23 11:12:57",71.88,7.58,3.22,61.08,44.85,
"2025-12-23 11:09:28",71.91,,,,,
"2025-12-23 11:07:42",71.91,,,,,
"2025-12-23 09:29:14",72.08,,,,,
"2025-12-22 09:03:40",71.82,,,,,
"2025-12-21 07:55:42",71.22,,,,,
"2025-12-21 06:45:40",71.81,,,,,
"2025-12-20 07:21:35",70.10,,,,,
"2025-12-19 09:45:17",70.25,,,,,
"2025-12-18 09:29:48",69.68,,,,,
"2025-12-17 08:47:48",70.39,,,,,
"2025-12-16 07:22:33",69.67,,,,,
"2025-12-15 07:26:04",70.58,,,,,
"2025-12-14 09:12:46",70.69,,,,,
"2025-12-13 09:09:25",70.10,,,,,
"2025-12-12 07:08:37",69.44,,,,,
"2025-12-11 08:24:17",69.78,,,,,
"2025-12-10 08:38:14",70.67,,,,,
"2025-12-09 09:08:12",70.17,,,,,
"2025-12-08 07:55:10",71.21,,,,,
"2025-12-07 10:59:10",72.75,,,,,
"2025-12-06 07:49:53",70.95,,,,,
"2025-12-05 07:03:44",70.80,,,,,
"2025-12-04 09:04:19",70.46,,,,,
"2025-12-03 17:29:47",70.89,,,,,
"2025-12-03 08:00:52",71.12,,,,,
"2025-12-02 08:11:43",71.71,,,,,
"2025-12-02 08:04:17",71.76,,,,,
"2025-12-01 17:36:04",72.21,,,,,
"2025-12-01 08:48:23",73.17,,,,,
"2025-11-30 16:57:30",73.01,,,,,
"2025-11-30 09:36:55",73.53,,,,,
"2025-11-29 09:08:31",71.21,,,,,
"2025-11-28 07:34:18",70.29,,,,,
"2025-11-27 07:18:03",70.36,,,,,
"2025-11-26 08:31:19",69.81,,,,,
"2025-11-25 08:52:30",70.12,,,,,
"2025-11-24 07:10:08",70.85,,,,,
"2025-11-23 10:01:59",71.05,,,,,
"2025-11-17 07:05:48",70.06,,,,,
"2025-11-16 10:13:08",71.30,,,,,
"2025-11-15 07:53:45",70.52,,,,,
"2025-11-14 07:23:37",70.15,,,,,
"2025-11-13 07:01:23",70.11,,,,,
"2025-11-12 09:22:04",70.50,,,,,
"2025-11-11 07:31:15",70.46,,,,,
"2025-11-10 07:05:08",71.03,,,,,
"2025-11-09 08:06:29",71.20,,,,,
"2025-11-08 09:22:30",71.34,,,,,
"2025-11-07 06:32:33",70.82,,,,,
"2025-11-06 08:07:13",70.89,,,,,
"2025-11-05 09:56:04",71.35,,,,,
"2025-11-04 07:44:05",71.75,,,,,
"2025-11-03 08:00:06",72.53,,,,,
"2025-11-02 09:58:09",72.27,,,,,
"2025-11-01 09:58:40",71.92,,,,,
"2025-10-31 07:20:27",71.69,,,,,
"2025-10-30 08:26:09",71.80,,,,,
"2025-10-29 07:37:09",71.97,,,,,
"2025-10-28 08:24:12",72.25,,,,,
"2025-10-26 11:29:32",71.86,,,,,
"2025-10-25 09:20:24",71.93,,,,,
"2025-10-24 07:46:08",71.82,,,,,
"2025-10-23 07:02:03",72.33,,,,,
"2025-10-22 09:56:34",71.93,,,,,
"2025-10-21 07:00:11",72.01,,,,,
"2025-10-20 07:39:53",73.32,,,,,
"2025-10-20 07:32:15",73.46,,,,,
"2025-10-14 07:01:16",72.20,,,,,
"2025-10-13 06:40:54",71.72,,,,,
"2025-10-12 09:29:20",73.24,,,,,
"2025-10-11 08:17:21",72.46,,,,,
"2025-10-10 09:49:08",72.40,,,,,
"2025-10-09 07:28:25",71.78,,,,,
"2025-10-08 10:17:58",71.62,,,,,
"2025-10-07 07:00:41",72.05,,,,,
"2025-10-06 07:00:49",72.55,,,,,
"2025-10-05 10:16:05",73.13,,,,,
"2025-10-04 07:41:03",72.98,,,,,
"2025-10-03 09:00:46",71.92,,,,,
"2025-10-02 09:06:08",72.08,,,,,
"2025-10-01 08:15:28",72.33,,,,,
"2025-09-30 07:06:32",72.37,,,,,
"2025-09-29 08:01:34",73.04,,,,,
"2025-09-27 08:11:09",73.33,,,,,
"2025-09-26 09:30:40",72.91,,,,,
"2025-09-25 07:44:01",72.46,,,,,
"2025-09-24 09:07:19",73.17,,,,,
"2025-09-23 06:10:57",72.94,,,,,
"2025-09-22 07:28:31",74.08,,,,,
"2025-09-20 09:57:42",75.69,,,,,
"2025-09-19 06:35:20",74.64,,,,,
"2025-09-18 09:51:37",75.24,,,,,
"2025-09-16 07:09:50",72.89,,,,,
"2025-09-15 07:15:15",72.97,,,,,
"2025-09-14 09:21:05",74.40,,,,,
"2025-09-13 07:32:37",73.89,,,,,
"2025-09-12 10:03:16",74.90,,,,,
"2025-09-11 07:03:06",73.60,,,,,
"2025-09-10 06:59:07",74.64,,,,,
"2025-09-09 07:34:49",74.57,,,,,
"2025-09-08 06:24:25",74.86,,,,,
"2025-09-07 11:06:49",76.00,,,,,
"2025-09-06 06:42:34",74.10,,,,,
"2025-09-05 06:43:00",74.06,,,,,
"2025-09-04 06:57:29",74.33,,,,,
"2025-09-03 16:39:36",74.59,,,,,
"2025-07-28 06:07:24",74.33,,,,,
"2025-07-27 06:34:55",75.01,,,,,
"2025-07-26 06:55:35",75.88,,,,,
"2025-07-03 05:20:32",73.73,,,,,
"2025-07-02 06:10:16",74.46,,,,,
"2025-06-30 05:17:19",74.65,,,,,
"2025-06-29 08:40:21",76.13,,,,,
"2025-06-28 09:16:14",74.72,,,,,
"2025-06-27 06:33:20",73.76,,,,,
"2025-06-26 07:14:54",73.39,,,,,
"2025-06-25 06:46:38",73.94,,,,,
"2025-06-24 05:47:25",73.80,,,,,
"2025-06-23 06:46:38",74.27,,,,,
"2025-06-22 08:48:52",74.12,,,,,
"2025-06-21 06:52:59",73.84,,,,,
"2025-06-20 06:26:45",74.04,,,,,
"2025-06-19 06:48:12",74.01,,,,,
"2025-06-18 06:27:06",74.47,,,,,
"2025-06-17 07:06:01",74.46,,,,,
"2025-06-16 07:39:29",73.83,,,,,
"2025-06-15 06:22:32",74.94,,,,,
"2025-06-14 08:56:04",74.37,,,,,
"2025-06-13 06:46:39",73.62,,,,,
"2025-06-12 06:45:05",73.79,,,,,
"2025-06-11 06:01:25",75.20,,,,,
"2025-06-10 06:29:44",75.77,,,,,
"2025-06-09 07:11:02",77.36,,,,,
"2025-06-07 06:09:00",74.21,,,,,
"2025-06-06 08:23:17",73.55,,,,,
"2025-06-05 07:04:51",74.58,,,,,
"2025-06-04 06:48:13",74.35,,,,,
"2025-06-03 06:39:05",74.23,,,,,
"2025-06-01 07:12:42",75.96,,,,,
"2025-05-30 07:26:46",74.54,,,,,
"2025-05-29 06:24:30",74.30,,,,,
"2025-05-22 07:02:50",74.02,,,,,
"2025-05-21 07:16:19",73.28,,,,,
"2025-05-19 07:03:15",74.74,,,,,
"2025-05-16 06:34:40",74.05,,,,,
"2025-05-15 06:45:27",74.82,,,,,
"2025-05-13 09:08:07",73.52,,,,,
"2025-05-12 07:50:06",74.59,,,,,
"2025-05-07 07:13:30",73.95,,,,,
"2025-05-06 07:02:47",72.86,,,,,
"2025-04-29 08:42:55",72.27,,,,,
"2025-04-24 06:58:14",72.99,,,,,
"2025-04-23 08:05:40",73.47,,,,,
"2025-04-22 06:43:30",73.50,,,,,
"2025-03-28 07:40:43",73.53,,,,,
"2025-03-27 08:17:59",72.74,,,,,
"2025-03-25 09:17:34",73.66,,,,,
"2025-03-24 06:27:20",73.49,,,,,
"2025-03-18 07:10:07",73.82,,,,,
"2025-03-17 06:20:10",74.89,,,,,
"2025-03-16 08:53:52",74.62,,,,,
"2025-03-14 07:30:46",73.11,,,,,
"2025-03-13 06:40:59",73.11,,,,,
"2025-03-12 05:47:47",74.24,,,,,
"2025-03-10 07:38:24",73.75,,,,,
"2025-03-08 06:59:25",74.23,,,,,
"2025-03-07 07:01:45",73.34,,,,,
"2025-03-06 06:45:24",73.06,,,,,
"2025-03-05 08:59:10",73.40,,,,,
"2025-03-04 06:51:51",74.33,,,,,
"2025-03-03 06:02:09",74.19,,,,,
"2025-03-02 07:50:45",74.17,,,,,
"2025-02-23 09:26:28",73.45,,,,,
"2025-02-20 07:13:50",72.52,,,,,
"2025-02-19 06:58:23",72.88,,,,,
"2025-02-18 07:10:21",73.41,,,,,
"2025-01-27 06:03:40",72.69,,,,,
"2025-01-26 08:31:23",73.38,,,,,
"2025-01-25 10:09:09",72.92,,,,,
"2025-01-24 09:09:48",73.05,,,,,
"2025-01-23 06:41:37",72.32,,,,,
"2025-01-22 08:18:15",73.09,,,,,
"2025-01-21 06:47:01",72.30,,,,,
"2025-01-20 06:49:31",73.04,,,,,
"2025-01-19 07:09:13",73.94,,,,,
"2025-01-17 07:21:59",73.62,,,,,
"2025-01-16 08:11:38",73.34,,,,,
"2025-01-15 07:11:25",73.84,,,,,
"2025-01-14 07:29:24",74.10,,,,,
"2025-01-13 06:26:44",74.68,,,,,
"2025-01-12 09:56:11",75.16,,,,,
"2025-01-11 09:08:36",73.58,,,,,
"2025-01-10 07:17:59",73.82,,,,,
"2025-01-09 07:41:36",74.29,,,,,
"2025-01-08 07:03:38",74.34,,,,,
"2025-01-07 06:50:17",74.10,,,,,
"2025-01-05 09:50:05",75.26,,,,,
"2025-01-04 08:55:00",75.61,,,,,
"2025-01-03 10:39:00",75.45,,,,,
"2025-01-02 07:39:05",75.46,,,,,
"2025-01-01 13:20:51",75.21,,,,,
"2024-12-31 08:12:00",75.20,,,,,
"2024-12-30 09:58:25",75.43,,,,,
"2024-12-29 07:56:51",74.70,,,,,
"2024-12-27 07:41:32",75.52,,,,,
"2024-12-26 07:32:31",74.68,,,,,
"2024-12-23 07:59:10",75.80,,,,,
"2024-12-21 07:02:51",74.06,,,,,
"2024-12-20 11:02:14",74.11,,,,,
"2024-12-19 06:14:20",74.28,,,,,
"2024-12-18 09:26:53",73.68,,,,,
"2024-12-17 06:45:33",75.10,,,,,
"2024-12-14 08:39:06",72.74,,,,,
"2024-12-12 09:45:01",73.42,,,,,
"2024-12-11 08:02:37",74.24,,,,,
"2024-12-10 07:37:05",73.55,,,,,
"2024-12-09 06:50:22",73.68,,,,,
"2024-12-03 06:46:40",74.89,,,,,
"2024-12-02 11:46:39",76.49,,,,,
"2024-11-30 06:37:22",73.67,,,,,
"2024-11-29 06:42:38",73.98,,,,,
"2024-11-27 08:49:28",73.53,,,,,
"2024-11-26 09:02:48",73.75,,,,,
"2024-11-25 08:39:07",73.94,,,,,
"2024-11-24 09:31:59",73.82,,,,,
"2024-11-18 06:58:26",74.36,,,,,
"2024-11-16 06:56:19",73.74,,,,,
"2024-11-15 07:32:17",73.28,,,,,
"2024-11-14 11:10:19",73.34,,,,,
"2024-11-12 09:05:10",74.16,,,,,
"2024-11-09 10:46:47",72.88,,,,,
"2024-11-08 08:18:54",73.37,,,,,
"2024-11-07 06:16:19",73.02,,,,,
"2024-11-06 09:46:32",73.03,,,,,
"2024-11-05 06:38:28",74.25,,,,,
"2024-11-04 06:29:30",75.49,,,,,
"2024-11-03 09:50:21",75.27,,,,,
"2024-11-02 07:52:58",73.21,,,,,
"2024-10-30 07:09:34",74.10,,,,,
"2024-10-11 07:09:35",73.83,,,,,
"2024-10-10 06:27:47",74.06,,,,,
"2024-10-09 07:21:23",74.03,,,,,
"2024-10-08 06:58:04",74.42,,,,,
"2024-10-07 07:11:35",75.74,,,,,
"2024-10-05 07:44:08",73.02,,,,,
"2024-10-04 07:27:56",73.04,,,,,
"2024-10-03 06:41:29",74.50,,,,,
"2024-10-02 07:18:13",74.81,,,,,
"2024-10-01 07:11:24",74.42,,,,,
"2024-09-29 07:27:16",74.96,,,,,
"2024-09-28 10:36:45",75.20,,,,,
"2024-09-27 07:15:17",74.53,,,,,
"2024-09-26 06:40:29",74.43,,,,,
"2024-09-25 10:15:50",74.51,,,,,
"2024-09-24 06:47:36",74.91,,,,,
"2024-09-23 07:40:29",74.85,,,,,
"2024-09-21 07:24:53",74.41,,,,,
"2024-09-19 07:04:10",75.43,,,,,
"2024-09-17 06:56:08",73.70,,,,,
"2024-09-16 06:41:38",74.49,,,,,
"2024-09-15 08:24:51",73.75,,,,,
"2024-09-14 07:23:31",75.12,,,,,
"2024-09-13 07:15:13",74.89,,,,,
"2024-09-12 07:17:57",74.42,,,,,
"2024-09-11 06:46:44",74.17,,,,,
"2024-09-10 07:14:36",74.41,,,,,
"2024-09-09 06:55:45",74.18,,,,,
"2024-09-08 07:41:39",74.11,,,,,
"2024-09-07 09:04:27",74.21,,,,,
"2024-09-04 06:19:15",74.62,,,,,
"2024-09-03 07:10:30",73.88,,,,,
"2024-09-02 07:25:27",74.54,,,,,
"2024-09-01 09:22:51",73.27,,,,,
"2024-08-31 07:14:26",73.70,,,,,
"2024-08-30 07:47:41",74.75,,,,,
"2024-08-26 09:06:50",75.35,,,,,
"2024-08-25 07:18:35",74.44,,,,,
"2024-08-24 07:07:07",74.64,,,,,
"2024-08-23 07:00:22",75.67,,,,,
"2024-08-21 07:06:33",73.60,,,,,
"2024-08-20 06:54:41",74.91,,,,,
"2024-08-19 06:46:44",75.48,,,,,
"2024-08-18 09:45:34",75.15,,,,,
"2024-08-17 06:49:04",74.47,,,,,
"2024-08-16 06:41:05",75.65,,,,,
"2024-08-15 10:05:19",76.48,,,,,
"2024-08-14 09:21:19",73.78,,,,,
"2024-08-13 08:10:43",74.23,,,,,
"2024-08-12 06:27:06",75.26,,,,,
"2024-08-11 06:59:52",75.05,,,,,
"2024-08-10 06:59:50",73.80,,,,,
"2024-08-09 06:19:03",74.78,,,,,
"2024-08-08 08:30:01",74.21,,,,,
"2024-08-07 13:37:14",74.71,,,,,
"2024-07-30 08:16:33",72.97,,,,,
"2024-07-29 06:31:44",74.50,,,,,
"2024-07-27 06:32:07",73.18,,,,,
"2024-07-26 06:58:05",73.87,,,,,
"2024-07-25 09:52:09",73.71,,,,,
"2024-07-24 06:57:49",74.32,,,,,
"2024-07-23 09:37:31",74.32,,,,,
"2024-07-22 06:15:23",73.39,,,,,
"2024-07-21 08:50:31",75.09,,,,,
"2024-07-17 07:08:25",74.28,,,,,
"2024-07-16 05:10:33",74.02,,,,,
"2024-07-15 10:12:20",73.41,,,,,
"2024-07-12 06:33:38",72.54,,,,,
"2024-07-11 06:20:12",72.57,,,,,
"2024-07-10 05:34:47",72.94,,,,,
"2024-07-09 08:11:21",73.94,,,,,
"2024-07-07 06:15:50",73.34,,,,,
"2024-07-06 09:55:25",74.27,,,,,
"2024-07-04 05:02:57",72.77,,,,,
"2024-07-03 05:27:06",72.78,,,,,
"2024-07-02 04:54:03",73.07,,,,,
"2024-07-01 04:44:02",73.55,,,,,
"2024-06-29 03:49:25",73.08,,,,,
"2024-06-27 05:48:20",73.14,,,,,
"2024-06-26 05:30:00",73.21,,,,,
"2024-06-24 05:03:52",73.15,,,,,
"2024-06-22 04:56:27",72.15,,,,,
"2024-06-21 05:44:00",72.39,,,,,
"2024-06-20 06:10:07",72.56,,,,,
"2024-06-19 05:25:04",72.41,,,,,
"2024-06-17 09:19:17",72.39,,,,,
"2024-06-15 04:58:28",72.92,,,,,
"2024-06-14 04:58:11",72.87,,,,,
"2024-06-13 09:37:57",72.39,,,,,
"2024-06-12 09:25:02",72.22,,,,,
"2024-06-11 04:48:50",73.46,,,,,
"2024-06-10 10:23:55",72.79,,,,,
"2024-06-07 04:31:27",72.79,,,,,
"2024-06-06 05:45:34",72.07,,,,,
"2024-06-05 05:19:22",72.38,,,,,
"2024-06-02 05:45:16",73.01,,,,,
"2024-06-01 09:04:30",74.20,,,,,
"2024-05-31 05:33:28",72.98,,,,,
"2024-05-30 06:18:49",72.27,,,,,
"2024-05-29 09:03:40",71.81,,,,,
"2024-05-27 06:10:01",72.04,,,,,
"2024-05-26 09:03:21",72.56,,,,,
"2024-05-24 05:12:40",71.75,,,,,
"2024-05-23 06:33:44",70.87,,,,,
"2024-05-22 09:40:38",71.00,,,,,
"2024-05-21 07:13:12",70.57,,,,,
"2024-05-20 06:33:25",71.44,,,,,
"2024-05-18 06:16:19",70.80,,,,,
"2024-05-17 06:45:32",71.56,,,,,
"2024-05-16 07:41:34",70.93,,,,,
"2024-05-15 07:19:04",71.19,,,,,
"2024-05-14 06:16:59",71.06,,,,,
"2024-05-13 07:37:50",70.91,,,,,
"2024-05-12 17:09:10",70.67,,,,,
"2024-05-12 06:06:16",72.72,,,,,
"2024-05-11 06:32:31",72.14,,,,,
"2024-05-10 05:41:47",72.64,,,,,
"2024-05-09 08:44:02",72.01,,,,,
"2024-05-08 06:54:07",72.47,,,,,
"2024-05-08 06:53:54",74.47,,,,,
"2024-05-08 06:51:26",72.46,,,,,
"2024-05-08 06:51:03",72.51,,,,,
"2024-05-07 08:32:23",72.79,,,,,
"2024-05-06 11:13:10",69.67,,,,,
"2024-05-04 07:28:14",71.66,,,,,
"2024-05-03 07:02:54",71.70,,,,,
"2024-05-01 06:56:31",72.25,,,,,
"2024-04-30 06:46:29",71.89,,,,,
"2024-04-29 06:31:28",73.09,,,,,
"2024-04-27 09:35:52",72.17,,,,,
"2024-04-25 06:39:13",72.31,,,,,
"2024-04-24 06:42:10",72.13,,,,,
"2024-04-23 07:58:28",72.97,,,,,
"2024-04-22 08:15:43",73.25,,,,,
"2024-04-21 09:12:23",73.47,,,,,
"2024-04-20 06:39:51",71.74,,,,,
"2024-04-19 06:46:45",72.21,,,,,
"2024-04-18 07:10:23",73.22,,,,,
"2024-04-17 07:42:57",72.89,,,,,
"2024-04-16 07:09:30",72.74,,,,,
"2024-04-15 06:39:01",73.38,,,,,
"2024-04-13 08:53:01",73.82,,,,,
"2024-04-12 07:12:43",72.64,,,,,
"2024-04-11 06:49:19",72.16,,,,,
"2024-04-10 08:28:05",72.15,,,,,
"2024-04-09 07:24:52",72.03,,,,,
"2024-04-08 07:59:11",73.26,,,,,
"2024-04-06 06:18:06",72.90,,,,,
"2024-04-05 09:01:12",74.09,,,,,
"2024-04-04 07:08:43",72.17,,,,,
"2024-04-03 08:09:24",72.56,,,,,
"2024-04-02 06:22:27",73.27,,,,,
"2024-03-30 07:26:06",72.38,,,,,
"2024-03-29 06:51:06",72.22,,,,,
"2024-03-28 08:17:59",72.75,,,,,
"2024-03-26 07:08:06",71.22,,,,,
"2024-03-25 07:01:07",72.11,,,,,
"2024-03-23 08:02:21",72.03,,,,,
"2024-03-22 06:59:59",72.78,,,,,
"2024-03-21 07:26:40",71.81,,,,,
"2024-03-20 18:31:09",71.62,,,,,
"2024-03-20 06:59:27",72.17,,,,,
"2024-03-19 07:10:44",72.00,,,,,
"2024-03-18 06:45:38",72.15,,,,,
"2024-03-17 09:29:42",72.70,,,,,
"2024-03-16 07:32:50",72.24,,,,,
"2024-03-15 06:55:35",72.26,,,,,
"2024-03-14 07:10:16",72.02,,,,,
"2024-03-13 06:35:41",72.13,,,,,
"2024-03-12 07:09:29",71.79,,,,,
"2024-03-11 06:44:29",72.15,,,,,
"2024-03-10 07:25:41",72.65,,,,,
"2024-03-09 09:29:26",71.84,,,,,
"2024-03-07 07:08:38",72.98,,,,,
"2024-03-03 08:44:36",72.60,,,,,
"2024-03-02 07:24:33",71.92,,,,,
"2024-02-28 08:33:11",71.89,,,,,
"2024-02-27 07:18:07",72.48,,,,,
"2024-02-26 06:58:43",73.92,,,,,
"2024-02-25 08:41:15",73.60,,,,,
"2024-02-24 08:19:45",72.10,,,,,
"2024-02-23 06:41:56",72.94,,,,,
"2024-02-22 06:58:01",72.28,,,,,
"2024-02-21 06:35:02",73.13,,,,,
"2024-02-20 07:02:23",72.51,,,,,
"2024-02-19 06:15:42",72.72,,,,,
"2024-02-18 09:23:38",73.34,,,,,
"2024-02-17 07:19:50",72.16,,,,,
"2024-02-16 06:43:14",72.99,,,,,
"2024-02-15 07:18:59",73.26,,,,,
"2024-02-14 06:18:48",73.18,,,,,
"2024-02-13 09:07:31",72.94,,,,,
"2024-02-12 06:48:26",73.29,,,,,
"2024-02-11 09:19:34",73.49,,,,,
"2024-02-10 06:43:48",72.18,,,,,
"2024-02-09 06:41:57",72.66,,,,,
"2024-02-08 06:56:24",71.96,,,,,
"2024-02-07 06:58:14",72.08,,,,,
"2024-02-06 06:53:38",71.95,,,,,
"2024-02-05 06:06:08",73.66,,,,,
"2024-02-04 06:54:36",73.40,,,,,
"2024-02-03 07:28:23",72.96,,,,,
"2024-02-02 06:16:41",73.59,,,,,
"2024-02-01 07:17:37",74.19,,,,,
"2024-01-31 06:53:37",73.21,,,,,
"2024-01-30 10:11:57",72.63,,,,,
"2024-01-29 06:19:45",73.53,,,,,
"2024-01-28 08:50:47",74.46,,,,,
"2024-01-27 07:34:52",72.98,,,,,
"2024-01-26 06:17:19",73.74,,,,,
"2024-01-25 08:43:31",73.78,,,,,
"2024-01-24 06:57:23",73.68,,,,,
"2024-01-23 07:36:47",73.80,,,,,
"2024-01-22 06:18:36",74.09,,,,,
"2024-01-21 09:01:12",73.22,,,,,
"2024-01-20 08:31:43",72.38,,,,,
"2024-01-19 07:07:20",74.00,,,,,
"2024-01-18 08:40:20",73.31,,,,,
"2024-01-17 07:01:13",73.98,,,,,
"2024-01-16 06:58:30",73.98,,,,,
"2024-01-15 06:28:02",74.79,,,,,
"2024-01-14 09:11:12",74.08,,,,,
"2024-01-13 06:58:31",74.16,,,,,
"2024-01-12 09:20:39",73.66,,,,,
"2024-01-11 07:02:40",74.66,,,,,
"2024-01-10 08:24:31",74.74,,,,,
"2024-01-09 07:11:14",75.12,,,,,
"2024-01-08 08:06:31",74.31,,,,,
"2024-01-07 07:59:18",74.61,,,,,
"2024-01-06 09:36:47",75.06,,,,,
"2024-01-05 09:07:14",74.73,,,,,
"2024-01-04 06:47:54",75.90,,,,,
"2024-01-03 06:27:43",76.16,,,,,
"2024-01-02 09:39:34",74.32,,,,,
"2024-01-01 12:53:01",75.01,,,,,
"2023-12-31 07:46:02",74.68,,,,,
"2023-12-30 11:14:10",75.52,,,,,
"2023-12-29 07:06:58",73.94,,,,,
"2023-12-28 06:45:22",73.94,,,,,
"2023-12-27 07:53:13",75.00,,,,,
"2023-12-26 08:24:53",75.27,,,,,
"2023-12-24 08:53:59",75.08,,,,,
"2023-12-23 09:04:26",73.69,,,,,
"2023-12-22 08:59:13",74.05,,,,,
"2023-12-21 08:35:41",73.05,,,,,
"2023-12-20 07:02:32",73.52,,,,,
"2023-12-19 08:15:41",73.07,,,,,
"2023-12-18 06:19:49",73.67,,,,,
"2023-12-17 10:03:17",73.28,,,,,
"2023-12-16 09:58:01",73.54,,,,,
"2023-12-12 09:03:55",72.35,,,,,
"2023-12-11 06:46:17",73.07,,,,,
"2023-12-10 07:13:09",73.54,,,,,
"2023-12-08 07:17:38",72.97,,,,,
"2023-12-07 06:45:35",72.66,,,,,
"2023-12-06 08:39:58",73.10,,,,,
"2023-12-05 06:43:01",74.28,,,,,
"2023-12-04 06:05:28",74.21,,,,,
"2023-12-03 09:19:13",73.64,,,,,
"2023-12-02 10:23:00",73.16,,,,,
"2023-12-01 06:42:56",72.50,,,,,
"2023-11-30 06:20:39",73.17,,,,,
"2023-11-25 06:39:51",73.23,,,,,
"2023-11-24 06:36:40",73.00,,,,,
"2023-11-23 06:26:02",73.12,,,,,
"2023-11-22 08:10:27",72.87,,,,,
"2023-11-20 17:43:18",72.69,,,,,
"2023-11-19 10:30:24",73.20,,,,,
"2023-11-18 07:46:32",72.96,,,,,
"2023-11-17 06:56:39",73.85,,,,,
"2023-11-15 07:28:50",73.36,,,,,
"2023-11-14 06:53:51",72.94,,,,,
"2023-11-13 07:47:14",73.59,,,,,
"2023-11-12 10:41:45",72.63,,,,,
"2023-11-11 08:55:52",72.89,,,,,
"2023-11-10 06:27:28",73.09,,,,,
"2023-11-09 06:40:36",73.05,,,,,
"2023-11-08 06:36:49",72.60,,,,,
"2023-11-06 06:46:06",72.33,,,,,
"2023-11-04 09:33:47",73.64,,,,,
"2023-11-03 08:40:22",72.94,,,,,
"2023-11-02 08:01:46",71.73,,,,,
"2023-11-01 08:45:28",73.82,,,,,
"2023-10-31 07:22:20",73.57,,,,,
"2023-10-30 06:38:03",73.32,,,,,
"2023-10-29 07:50:27",72.93,,,,,
"2023-10-26 07:25:35",72.68,,,,,
"2023-10-24 06:41:27",72.70,,,,,
"2023-10-23 07:42:26",73.73,,,,,
"2023-10-21 06:04:27",73.32,,,,,
"2023-10-20 07:01:09",72.71,,,,,
"2023-10-19 06:38:56",73.43,,,,,
"2023-10-18 06:40:43",72.97,,,,,
"2023-10-17 06:30:44",72.95,,,,,
"2023-10-16 06:21:24",73.40,,,,,
"2023-10-15 09:04:24",74.30,,,,,
"2023-10-14 07:26:49",73.84,,,,,
"2023-10-13 06:39:46",72.98,,,,,
"2023-10-12 06:36:01",72.99,,,,,
"2023-10-11 07:21:41",73.59,,,,,
"2023-10-10 10:37:41",73.36,,,,,
"2023-10-09 08:02:50",73.55,,,,,
"2023-10-08 09:26:51",72.74,,,,,
"2023-10-07 08:51:37",72.95,,,,,
"2023-10-06 07:11:23",73.78,,,,,
"2023-10-05 07:20:33",74.14,,,,,
"2023-10-04 07:01:18",73.08,,,,,
"2023-10-03 07:24:24",72.97,,,,,
"2023-10-02 06:50:49",73.57,,,,,
"2023-09-30 07:51:38",72.85,,,,,
"2023-09-29 10:28:29",73.17,,,,,
"2023-09-27 08:06:45",73.02,,,,,
"2023-09-26 07:44:46",73.39,,,,,
"2023-09-21 07:38:37",73.25,,,,,
"2023-09-19 07:07:00",72.03,,,,,
"2023-09-18 06:58:07",73.24,,,,,
"2023-09-17 10:24:11",73.40,,,,,
"2023-09-16 08:28:28",72.78,,,,,
"2023-09-15 06:42:45",72.34,,,,,
"2023-09-12 06:36:21",72.89,,,,,
"2023-09-11 07:14:42",73.76,,,,,
"2023-09-11 06:41:22",74.19,,,,,
"2023-09-10 07:10:38",73.24,,,,,
"2023-09-10 06:44:20",73.48,,,,,
"2023-09-09 06:47:12",72.80,,,,,
"2023-09-08 06:34:34",73.52,,,,,
"2023-09-07 06:19:24",72.55,,,,,
"2023-09-06 06:15:52",72.58,,,,,
"2023-09-05 06:25:06",72.96,,,,,
"2023-09-04 06:21:17",73.93,,,,,
"2023-09-03 06:50:53",73.93,,,,,
"2023-09-02 09:21:52",73.61,,,,,
"2023-09-01 07:50:14",73.07,,,,,
"2023-08-31 06:37:32",72.55,,,,,
"2023-08-30 08:54:27",72.60,,,,,
"2023-08-29 06:54:26",73.17,,,,,
"2023-08-27 07:37:26",73.53,,,,,
"2023-08-25 08:18:43",73.94,,,,,
"2023-08-23 08:31:35",73.81,,,,,
"2023-08-22 12:56:23",72.80,,,,,
"2023-08-20 08:44:23",74.13,,,,,
"2023-08-19 07:23:53",72.44,,,,,
"2023-08-18 09:28:34",72.60,,,,,
"2023-08-17 08:15:51",73.01,,,,,
"2023-08-16 07:39:10",72.77,,,,,
"2023-08-15 06:20:09",73.09,,,,,
"2023-08-14 06:28:46",73.89,,,,,
"2023-08-13 09:13:37",73.95,,,,,
"2023-08-12 09:02:16",74.37,,,,,
"2023-08-11 06:35:24",73.70,,,,,
"2023-08-10 07:42:20",73.59,,,,,
"2023-08-09 07:49:15",74.30,,,,,
"2023-08-08 08:29:11",73.41,,,,,
"2023-08-07 06:31:40",73.98,,,,,
"2023-08-06 08:11:16",73.05,,,,,
"2023-08-05 07:24:52",71.77,,,,,
"2023-08-04 08:05:10",73.41,,,,,
"2023-08-03 06:36:43",73.01,,,,,
"2023-08-02 07:45:35",72.77,,,,,
"2023-08-01 08:56:25",72.20,,,,,
"2023-07-31 07:27:47",73.84,,,,,
"2023-07-30 11:15:07",73.60,,,,,
"2023-07-29 06:35:02",71.83,,,,,
"2023-07-28 06:18:31",72.14,,,,,
"2023-07-27 06:42:18",72.38,,,,,
"2023-07-26 09:05:43",72.66,,,,,
"2023-07-25 07:22:13",72.91,,,,,
"2023-07-24 06:58:25",72.33,,,,,
"2023-07-23 08:12:22",73.31,,,,,
"2023-07-22 07:56:39",72.56,,,,,
"2023-07-21 07:03:32",74.01,,,,,
"2023-07-20 08:53:44",73.30,,,,,
"2023-07-19 07:24:54",72.88,,,,,
"2023-07-17 07:17:12",72.69,,,,,
"2023-07-16 07:36:47",74.56,,,,,
"2023-07-15 08:55:42",74.39,,,,,
"2023-07-14 07:30:15",73.21,,,,,
"2023-07-13 07:01:55",73.00,,,,,
"2023-07-12 06:47:36",72.73,,,,,
"2023-07-11 06:39:07",73.00,,,,,
"2023-07-10 06:27:35",73.95,,,,,
"2023-07-09 08:59:19",74.28,,,,,
"2023-07-08 07:53:46",72.98,,,,,
"2023-07-07 06:50:21",73.28,,,,,
"2023-07-06 06:28:57",73.04,,,,,
"2023-07-05 08:16:21",72.35,,,,,
"2023-07-04 06:49:09",73.07,,,,,
"2023-07-03 07:32:46",72.84,,,,,
"2023-07-02 07:25:15",72.97,,,,,
"2023-07-01 08:20:05",73.14,,,,,
"2023-06-30 06:11:43",73.43,,,,,
"2023-06-29 07:44:30",74.14,,,,,
"2023-06-28 07:23:00",73.51,,,,,
"2023-06-28 07:15:50",73.50,,,,,
"2023-06-27 08:59:34",73.06,,,,,
"2023-06-21 06:45:14",73.91,,,,,
"2023-06-19 07:41:44",74.14,,,,,
"2023-06-18 08:27:07",74.43,,,,,
"2023-06-17 07:10:03",72.37,,,,,
"2023-06-16 06:23:09",73.26,,,,,
"2023-06-15 06:24:08",73.72,,,,,
"2023-06-14 07:07:22",72.94,,,,,
"2023-06-13 06:09:49",74.07,,,,,
"2023-06-12 07:54:50",74.64,,,,,
"2023-06-10 07:48:12",72.98,,,,,
"2023-06-09 06:45:59",73.22,,,,,
"2023-06-08 08:21:59",73.58,,,,,
"2023-06-07 07:11:47",72.92,,,,,
"2023-06-06 06:04:53",74.13,,,,,
"2023-06-05 06:48:55",73.35,,,,,
"2023-06-03 05:25:17",72.87,,,,,
"2023-06-02 08:11:21",72.53,,,,,
"2023-05-31 07:26:20",73.07,,,,,
"2023-05-30 07:10:23",74.11,,,,,
"2023-05-29 08:27:24",73.39,,,,,
"2023-05-28 08:17:09",73.53,,,,,
"2023-05-26 06:51:38",73.35,,,,,
"2023-05-25 10:35:59",73.62,,,,,
"2023-05-15 07:09:59",74.05,,,,,
"2023-05-14 08:55:04",72.87,,,,,
"2023-05-13 08:36:59",73.08,,,,,
"2023-05-11 06:46:21",72.96,,,,,
"2023-05-10 08:52:20",73.72,,,,,
"2023-05-09 06:31:17",73.55,,,,,
"2023-05-08 10:51:23",73.67,,,,,
"2023-05-07 08:52:32",73.89,,,,,
"2023-05-06 07:15:33",74.29,,,,,
"2023-05-04 06:38:00",73.72,,,,,
"2023-05-03 07:02:06",73.86,,,,,
"2023-05-02 05:48:02",73.72,,,,,
"2023-04-30 10:38:01",73.19,,,,,
"2023-04-29 08:31:30",72.58,,,,,
"2023-04-28 05:31:29",73.46,,,,,
"2023-04-27 06:11:38",73.65,,,,,
"2023-04-26 08:23:38",73.21,,,,,
"2023-04-25 07:04:02",74.01,,,,,
"2023-04-24 06:34:40",74.20,,,,,
"2023-04-23 07:33:58",73.72,,,,,
"2023-04-21 07:14:10",73.42,,,,,
"2023-04-20 07:37:01",72.67,,,,,
"2023-04-18 07:33:18",73.49,,,,,
"2023-04-16 09:10:09",74.05,,,,,
"2023-04-15 06:52:08",72.25,,,,,
"2023-04-14 06:43:50",73.79,,,,,
"2023-04-13 07:12:06",73.19,,,,,
"2023-04-12 06:54:06",72.12,,,,,
"2023-04-11 07:48:03",72.68,,,,,
"2023-04-10 08:48:10",73.24,,,,,
"2023-04-08 08:34:47",73.58,,,,,
"2023-04-07 06:57:06",73.57,,,,,
"2023-04-06 07:58:40",74.42,,,,,
"2023-04-05 09:36:24",73.17,,,,,
"2023-04-03 06:43:35",74.16,,,,,
"2023-04-02 07:19:02",73.60,,,,,
"2023-04-01 08:40:25",72.28,,,,,
"2023-03-31 07:14:12",72.87,,,,,
"2023-03-29 14:56:32",69.70,,,,,
"2023-03-29 07:30:37",72.78,,,,,
"2023-03-28 09:12:44",71.76,,,,,
"2023-03-27 06:44:34",74.16,,,,,
"2023-03-26 07:18:46",72.80,,,,,
"2023-03-25 09:41:06",71.42,,,,,
"2023-03-24 07:13:19",71.79,,,,,
"2023-03-23 07:09:13",71.62,,,,,
"2023-03-22 07:44:28",72.72,,,,,
"2023-03-21 07:11:51",71.91,,,,,
"2023-03-20 06:41:45",73.01,,,,,
"2023-03-18 06:48:14",71.35,,,,,
"2023-03-17 06:42:47",71.81,,,,,
"2023-03-16 07:21:06",72.10,,,,,
"2023-03-15 06:59:45",71.80,,,,,
"2023-03-14 07:43:00",71.48,,,,,
"2023-03-13 06:46:31",71.71,,,,,
"2023-03-12 09:39:00",71.89,,,,,
"2023-03-06 06:45:15",73.04,,,,,
"2023-03-05 08:54:18",72.59,,,,,
"2023-03-04 06:56:09",72.59,,,,,
"2023-03-03 06:53:37",73.54,,,,,
"2023-03-02 07:26:17",72.70,,,,,
"2023-03-01 07:16:49",73.36,,,,,
"2023-02-28 07:16:55",72.37,,,,,
"2023-02-27 06:45:20",73.71,,,,,
"2023-02-25 07:00:45",72.32,,,,,
"2023-02-24 06:36:15",72.15,,,,,
"2023-02-23 07:29:43",71.90,,,,,
"2023-02-22 07:10:52",72.17,,,,,
"2023-02-21 06:52:21",71.10,,,,,
"2023-02-20 06:58:43",71.76,,,,,
"2023-02-19 08:46:31",71.82,,,,,
"2023-02-18 07:32:47",72.28,,,,,
"2023-02-17 06:24:44",72.93,,,,,
"2023-02-15 06:22:39",72.55,,,,,
"2023-02-14 07:07:42",71.84,,,,,
"2023-02-13 06:58:16",72.58,,,,,
"2023-02-09 06:41:09",72.70,,,,,
"2023-02-08 06:52:57",72.80,,,,,
"2023-02-07 06:28:49",71.70,,,,,
"2023-02-06 06:11:04",71.66,,,,,
"2023-02-05 06:38:12",72.59,,,,,
"2023-02-04 09:20:37",72.58,,,,,
"2023-02-03 06:12:22",72.74,,,,,
"2023-02-02 07:29:00",71.55,,,,,
"2023-02-01 08:19:31",71.97,,,,,
"2023-01-30 06:46:04",72.56,,,,,
"2023-01-26 07:07:08",71.60,,,,,
"2023-01-25 08:37:45",71.45,,,,,
"2023-01-24 07:17:13",71.57,,,,,
"2023-01-23 06:24:46",72.54,,,,,
"2023-01-21 08:46:17",71.95,,,,,
"2023-01-20 07:57:52",72.60,,,,,
"2023-01-16 06:42:13",72.67,,,,,
"2023-01-13 09:06:05",73.47,,,,,
"2023-01-10 06:57:59",72.14,,,,,
"2023-01-09 07:05:55",71.79,,,,,
"2023-01-08 08:22:23",72.37,,,,,
"2023-01-07 08:16:05",72.67,,,,,
"2023-01-06 06:38:20",72.56,,,,,
"2023-01-05 06:29:01",72.07,,,,,
"2023-01-04 07:38:04",71.28,,,,,
"2023-01-03 06:51:31",71.27,,,,,
"2023-01-02 07:00:56",72.78,,,,,
"2022-12-31 07:51:58",71.97,,,,,
"2022-12-29 06:51:30",72.78,,,,,
"2022-12-27 07:33:26",73.40,,,,,
"2022-12-26 07:18:11",72.87,,,,,
"2022-12-25 07:34:11",72.74,,,,,
"2022-12-24 08:11:12",71.44,,,,,
"2022-12-23 07:25:03",71.13,,,,,
"2022-12-21 09:02:06",71.23,,,,,
"2022-12-20 07:13:50",70.70,,,,,
"2022-12-19 08:35:57",71.55,,,,,
"2022-12-18 08:31:15",71.54,,,,,
"2022-12-16 07:46:27",70.56,,,,,
"2022-12-15 07:04:49",70.72,,,,,
"2022-12-14 06:43:34",70.59,,,,,
"2022-12-13 07:34:05",70.06,,,,,
"2022-12-12 07:06:22",71.16,,,,,
"2022-12-11 07:38:51",70.45,,,,,
"2022-12-09 06:29:03",71.15,,,,,
"2022-12-08 07:20:43",71.26,,,,,
"2022-12-07 07:43:45",71.23,,,,,
"2022-12-06 06:41:37",70.83,,,,,
"2022-12-05 06:57:42",71.48,,,,,
"2022-12-04 09:34:44",71.91,,,,,
"2022-12-03 10:16:06",70.52,,,,,
"2022-12-02 07:28:13",71.49,,,,,
"2022-12-02 06:53:52",71.71,,,,,
"2022-11-30 07:32:46",70.99,,,,,
"2022-11-29 12:27:02",70.59,,,,,
"2022-11-29 07:33:00",71.59,,,,,
"2022-11-28 09:14:15",70.85,,,,,
"2022-11-27 09:00:23",71.28,,,,,
"2022-11-26 08:32:39",70.99,,,,,
"2022-11-25 06:59:54",71.02,,,,,
"2022-11-24 07:46:11",71.05,,,,,
"2022-11-23 09:15:38",70.72,,,,,
"2022-11-22 06:31:53",70.90,,,,,
"2022-11-21 07:37:15",71.56,,,,,
"2022-11-20 08:20:46",71.88,,,,,
"2022-11-19 07:48:21",71.30,,,,,
"2022-11-18 07:37:36",71.61,,,,,
"2022-11-17 08:25:53",71.91,,,,,
"2022-11-15 05:09:49",70.73,,,,,
"2022-11-14 06:33:33",70.74,,,,,
"2022-11-13 08:59:10",71.41,,,,,
"2022-11-12 08:03:31",71.16,,,,,
"2022-11-11 06:13:19",71.09,,,,,
"2022-11-10 07:27:35",71.01,,,,,
"2022-11-09 08:01:28",71.01,,,,,
"2022-11-08 07:18:45",71.40,,,,,
"2022-11-07 07:12:12",72.54,,,,,
"2022-11-06 08:32:10",71.42,,,,,
"2022-11-05 08:45:17",71.06,,,,,
"2022-11-04 07:20:16",71.42,,,,,
"2022-11-03 06:47:34",72.16,,,,,
"2022-11-02 07:40:22",72.98,,,,,
"2022-11-01 08:18:22",72.58,,,,,
"2022-10-31 07:30:58",72.41,,,,,
"2022-10-30 07:14:26",72.15,,,,,
"2022-10-29 08:24:11",71.62,,,,,
"2022-10-28 06:04:18",72.12,,,,,
"2022-10-27 07:03:37",72.58,,,,,
"2022-10-26 07:32:28",72.37,,,,,
"2022-10-25 07:08:58",72.44,,,,,
"2022-10-24 08:00:28",72.95,,,,,
"2022-10-23 09:39:37",72.94,,,,,
"2022-10-22 07:41:18",72.26,,,,,
"2022-10-20 06:35:54",72.52,,,,,
"2022-10-19 08:19:55",72.20,,,,,
"2022-10-18 07:20:15",72.80,,,,,
"2022-09-27 06:24:35",72.22,,,,,
"2022-09-26 07:25:57",71.26,,,,,
"2022-09-25 07:37:40",73.07,,,,,
"2022-09-24 07:39:38",72.94,,,,,
"2022-09-23 07:04:36",72.72,,,,,
"2022-09-22 07:07:07",72.40,,,,,
"2022-09-21 08:46:27",72.96,,,,,
"2022-09-20 07:44:03",73.38,,,,,
"2022-09-19 09:19:05",72.68,,,,,
"2022-09-17 08:34:15",72.43,,,,,
"2022-09-16 06:38:20",72.19,,,,,
"2022-09-11 07:41:25",72.92,,,,,
"2022-09-10 07:54:23",73.37,,,,,
"2022-09-09 08:28:48",72.54,,,,,
"2022-09-06 07:17:20",73.31,,,,,
"2022-09-05 06:38:14",74.10,,,,,
"2022-09-04 08:08:52",73.82,,,,,
"2022-09-03 07:44:10",73.45,,,,,
"2022-09-02 07:48:51",72.55,,,,,
"2022-09-01 08:00:16",72.39,,,,,
"2022-08-31 08:11:41",72.24,,,,,
"2022-08-30 06:09:56",72.36,,,,,
"2022-08-29 08:00:42",73.22,,,,,
"2022-08-28 08:22:30",73.27,,,,,
"2022-08-27 08:01:49",72.89,,,,,
"2022-08-26 07:18:12",72.77,,,,,
"2022-08-25 09:51:31",72.56,,,,,
"2022-08-24 07:56:05",72.45,,,,,
"2022-08-23 06:23:51",72.78,,,,,
"2022-08-22 06:51:35",73.21,,,,,
"2022-08-21 08:52:47",73.56,,,,,
"2022-08-20 06:56:36",72.87,,,,,
"2022-08-19 08:01:58",72.93,,,,,
"2022-08-18 08:09:35",72.81,,,,,
"2022-08-17 09:24:22",73.09,,,,,
"2022-08-16 06:35:53",73.76,,,,,
"2022-08-15 07:48:28",72.81,,,,,
"2022-08-14 07:39:37",72.97,,,,,
"2022-08-13 07:46:42",72.55,,,,,
"2022-08-12 06:49:09",72.82,,,,,
"2022-08-11 06:55:54",72.42,,,,,
"2022-08-10 06:58:01",73.14,,,,,
"2022-08-09 07:14:30",74.42,,,,,
"2022-08-08 07:46:33",72.52,,,,,
"2022-08-07 07:39:51",73.21,,,,,
"2022-08-06 10:06:13",72.84,,,,,
"2022-08-05 06:45:39",73.05,,,,,
"2022-08-04 08:46:55",72.87,,,,,
"2022-08-03 07:32:59",73.81,,,,,
"2022-08-02 06:56:39",72.82,,,,,
"2022-08-01 07:48:47",72.62,,,,,
"2022-07-23 07:42:48",73.13,,,,,
"2022-07-22 06:34:22",73.00,,,,,
"2022-07-21 06:25:12",73.12,,,,,
"2022-07-20 08:40:58",72.98,,,,,
"2022-07-19 06:47:00",73.59,,,,,
"2022-07-18 06:55:47",73.70,,,,,
"2022-07-15 08:45:46",72.97,,,,,
"2022-07-14 06:46:17",72.50,,,,,
"2022-07-13 06:56:10",72.99,,,,,
"2022-07-12 07:16:06",73.56,,,,,
"2022-07-09 06:55:48",72.11,,,,,
"2022-07-08 06:29:08",72.86,,,,,
"2022-07-07 07:39:37",73.21,,,,,
"2022-07-06 06:38:06",73.00,,,,,
"2022-07-05 06:49:03",72.39,,,,,
"2022-07-04 06:34:45",72.51,,,,,
"2022-07-03 07:52:20",73.70,,,,,
"2022-07-02 07:46:49",72.47,,,,,
"2022-07-01 06:31:40",72.69,,,,,
"2022-06-30 08:14:17",72.97,,,,,
"2022-06-29 08:16:13",73.05,,,,,
"2022-06-28 07:30:44",73.14,,,,,
"2022-06-27 07:06:35",73.58,,,,,
"2022-06-26 07:35:44",73.25,,,,,
"2022-06-25 10:01:43",73.33,,,,,
"2022-06-23 07:03:27",72.20,,,,,
"2022-06-22 06:22:17",72.84,,,,,
"2022-06-21 06:57:51",72.50,,,,,
"2022-06-20 06:46:30",73.88,,,,,
"2022-06-19 07:19:23",74.29,,,,,
"2022-06-18 08:16:02",72.80,,,,,
"2022-06-17 07:16:04",72.30,,,,,
"2022-06-16 06:25:53",73.32,,,,,
"2022-06-15 07:01:32",72.85,,,,,
"2022-06-14 07:05:52",73.42,,,,,
"2022-06-13 06:45:26",73.29,,,,,
"2022-06-12 08:35:54",72.51,,,,,
"2022-06-11 07:29:11",73.00,,,,,
"2022-06-09 09:40:05",73.64,,,,,
"2022-05-27 06:36:15",71.94,,,,,
"2022-05-26 07:40:15",71.34,,,,,
"2022-05-25 07:19:17",71.80,,,,,
"2022-05-24 07:37:56",71.90,,,,,
"2022-05-23 07:29:13",71.93,,,,,
"2022-05-22 08:37:48",71.63,,,,,
"2022-05-20 11:59:59",72.76,,,,,
"2022-05-19 07:22:35",73.04,,,,,
"2022-05-11 04:14:08",72.35,,,,,
"2022-05-10 06:33:18",71.75,,,,,
"2022-05-09 06:57:51",72.12,,,,,
"2022-05-08 07:48:25",71.69,,,,,
"2022-05-07 09:02:34",71.96,,,,,
"2022-05-06 07:27:22",71.53,,,,,
"2022-05-05 06:51:03",71.60,,,,,
"2022-05-04 12:06:14",71.30,,,,,
"2022-05-03 09:24:42",72.09,,,,,
"2022-05-02 09:18:29",71.97,,,,,
"2022-05-01 08:37:29",71.66,,,,,
"2022-04-30 05:37:58",71.74,,,,,
"2022-04-29 06:46:02",71.52,,,,,
"2022-04-28 07:34:53",72.40,,,,,
"2022-04-27 06:39:34",71.41,,,,,
"2022-04-26 05:09:23",71.97,,,,,
"2022-04-25 06:33:24",71.86,,,,,
"2022-04-24 08:38:13",71.93,,,,,
"2022-04-23 07:30:18",71.23,,,,,
"2022-04-22 07:25:58",71.18,,,,,
"2022-04-21 06:45:40",71.32,,,,,
"2022-04-20 06:45:07",71.28,,,,,
"2022-04-19 06:34:13",71.25,,,,,
"2022-04-17 09:19:38",72.38,,,,,
"2022-04-16 08:12:51",72.57,,,,,
"2022-04-16 07:54:01",72.73,,,,,
"2022-04-15 07:30:14",72.29,,,,,
"2022-04-15 07:24:09",72.47,,,,,
"2022-04-14 07:28:36",71.92,,,,,
"2022-04-13 07:09:50",71.59,,,,,
"2022-04-12 06:53:56",71.14,,,,,
"2022-04-11 07:05:20",71.87,,,,,
"2022-04-10 06:45:41",72.88,,,,,
"2022-04-09 05:44:50",71.88,,,,,
"2022-04-08 06:49:39",71.78,,,,,
"2022-04-07 08:26:42",71.68,,,,,
"2022-04-06 08:14:15",71.77,,,,,
"2022-04-05 07:12:11",71.54,,,,,
"2022-04-04 07:13:19",71.62,,,,,
"2022-04-03 07:17:08",72.36,,,,,
"2022-04-02 07:53:38",72.16,,,,,
"2022-04-01 06:32:57",71.20,,,,,
"2022-03-31 06:44:10",70.41,,,,,
"2022-03-30 06:36:39",71.69,,,,,
"2022-03-29 06:48:13",71.66,,,,,
"2022-03-28 06:40:05",71.94,,,,,
"2022-03-27 09:53:28",71.42,,,,,
"2022-03-26 07:35:39",71.77,,,,,
"2022-03-25 06:54:24",71.94,,,,,
"2022-03-24 04:08:39",71.36,,,,,
"2022-03-23 06:48:08",71.32,,,,,
"2022-03-22 06:40:51",71.86,,,,,
"2022-03-21 06:54:41",71.21,,,,,
"2022-03-20 07:25:10",71.28,,,,,
"2022-03-19 07:04:23",71.33,,,,,
"2022-03-18 06:39:16",71.49,,,,,
"2022-03-17 07:12:57",71.78,,,,,
"2022-03-16 07:43:06",71.89,,,,,
"2022-03-15 06:55:09",71.40,,,,,
"2022-03-14 06:37:46",72.20,,,,,
"2022-03-13 09:20:09",73.30,,,,,
"2022-03-12 07:22:21",72.29,,,,,
"2022-03-11 07:05:12",71.67,,,,,
"2022-03-10 06:42:16",72.14,,,,,
"2022-03-09 07:01:25",71.85,,,,,
"2022-03-08 06:55:00",71.61,,,,,
"2022-03-07 06:41:24",71.44,,,,,
"2022-03-05 07:03:19",71.72,,,,,
"2022-03-04 08:08:20",71.83,,,,,
"2022-03-02 07:02:12",71.41,,,,,
"2022-03-01 06:45:05",71.32,,,,,
"2022-03-01 06:44:48",69.79,,,,,
"2022-02-28 06:30:03",72.35,,,,,
"2022-02-27 07:05:46",72.61,,,,,
"2022-02-26 16:29:55",77.36,,,,,
"2022-02-26 07:05:39",72.62,,,,,
"2022-02-25 06:35:16",72.66,,,,,
"2022-02-24 08:00:20",70.75,,,,,
"2022-02-23 08:47:27",71.96,,,,,
"2022-02-22 06:27:45",71.74,,,,,
"2022-02-21 06:23:18",71.87,,,,,
"2022-02-20 06:43:57",72.15,,,,,
"2022-02-19 06:43:51",72.02,,,,,
"2022-02-18 06:45:49",71.44,,,,,
"2022-02-17 06:48:29",71.49,,,,,
"2022-02-16 07:23:49",71.81,,,,,
"2022-02-15 06:38:46",71.37,,,,,
"2022-02-14 06:40:42",71.85,,,,,
"2022-02-13 07:24:00",72.49,,,,,
"2022-02-12 07:07:10",71.26,,,,,
"2022-02-11 06:57:27",71.10,,,,,
"2022-02-10 06:28:19",72.09,,,,,
"2022-02-09 07:25:14",71.30,,,,,
"2022-02-08 06:22:42",71.45,,,,,
"2022-02-07 08:14:11",71.74,,,,,
"2022-02-06 08:18:36",72.21,,,,,
"2022-02-05 06:57:39",70.86,,,,,
"2022-02-03 06:50:45",72.27,,,,,
"2022-02-01 06:35:28",71.51,,,,,
"2022-01-31 06:50:40",71.36,,,,,
"2022-01-30 08:30:11",72.19,,,,,
"2022-01-29 07:31:29",71.44,,,,,
"2022-01-27 06:34:43",72.21,,,,,
"2022-01-26 07:40:42",71.51,,,,,
"2022-01-25 06:38:09",72.00,,,,,
"2022-01-24 06:38:38",72.13,,,,,
"2022-01-23 08:52:43",72.67,,,,,
"2022-01-22 08:03:57",71.60,,,,,
"2022-01-21 06:40:28",71.67,,,,,
"2022-01-20 06:40:00",70.76,,,,,
"2022-01-19 09:36:03",71.34,,,,,
"2022-01-18 06:58:10",72.05,,,,,
"2022-01-17 07:12:36",71.29,,,,,
"2022-01-16 09:59:21",71.38,,,,,
"2022-01-15 08:55:20",71.13,,,,,
"2022-01-14 06:37:38",71.50,,,,,
"2022-01-13 06:52:06",70.23,,,,,
"2022-01-12 08:26:03",71.63,,,,,
"2022-01-11 06:56:21",71.70,,,,,
"2022-01-10 07:03:23",71.90,,,,,
"2022-01-09 09:10:21",71.89,,,,,
"2022-01-08 08:52:11",71.34,,,,,
"2022-01-07 06:27:51",71.15,,,,,
"2022-01-06 06:52:26",71.20,,,,,
"2022-01-05 07:19:27",71.86,,,,,
"2022-01-04 07:00:48",71.38,,,,,
"2022-01-03 07:01:22",72.42,,,,,
"2022-01-02 06:45:29",71.59,,,,,
"2022-01-01 07:33:38",72.05,,,,,
"2021-12-24 06:50:32",70.44,,,,,
"2021-12-23 07:11:40",71.01,,,,,
"2021-12-22 08:12:17",70.65,,,,,
"2021-12-21 07:29:31",71.57,,,,,
"2021-12-20 09:02:35",71.65,,,,,
"2021-12-19 08:25:44",72.09,,,,,
"2021-12-18 06:39:01",71.11,,,,,
"2021-12-17 07:21:55",71.00,,,,,
"2021-12-16 07:04:16",70.50,,,,,
"2021-12-15 08:40:09",70.33,,,,,
"2021-12-14 06:47:30",71.29,,,,,
"2021-12-13 07:12:14",71.31,,,,,
"2021-12-12 08:48:16",71.76,,,,,
"2021-12-12 08:02:35",72.02,,,,,
"2021-12-11 08:11:40",70.27,,,,,
"2021-12-10 06:36:47",71.31,,,,,
"2021-12-09 09:26:06",69.77,,,,,
"2021-12-08 07:15:42",70.39,,,,,
"2021-12-07 08:01:37",70.47,,,,,
"2021-12-06 07:35:25",70.73,,,,,
"2021-12-05 07:13:09",71.16,,,,,
"2021-12-04 09:21:16",70.54,,,,,
"2021-12-02 08:18:45",69.96,,,,,
"2021-12-01 07:33:22",70.48,,,,,
"2021-11-30 06:50:23",71.17,,,,,
"2021-11-29 07:01:25",71.12,,,,,
"2021-11-28 07:31:09",71.15,,,,,
"2021-11-27 09:45:59",70.73,,,,,
"2021-11-26 06:29:38",70.52,,,,,
"2021-11-25 07:40:42",69.93,,,,,
"2021-11-24 06:40:43",70.80,,,,,
"2021-11-23 07:39:44",71.37,,,,,
"2021-11-22 06:34:18",71.51,,,,,
"2021-11-21 09:35:42",71.92,,,,,
"2021-11-20 07:50:19",71.04,,,,,
"2021-11-20 07:40:27",71.14,,,,,
"2021-11-19 07:29:10",71.18,,,,,
"2021-11-18 06:35:13",70.73,,,,,
"2021-11-17 07:11:42",71.02,,,,,
"2021-11-16 07:17:26",71.26,,,,,
"2021-11-15 08:44:51",71.52,,,,,
"2021-11-14 08:13:16",71.81,,,,,
"2021-11-13 08:27:28",71.43,,,,,
"2021-11-12 06:23:55",71.68,,,,,
"2021-11-11 07:27:49",71.24,,,,,
"2021-11-10 09:00:06",71.31,,,,,
"2021-11-10 07:14:10",71.85,,,,,
"2021-11-09 07:21:49",71.34,,,,,
"2021-11-08 07:17:16",71.41,,,,,
"2021-11-07 07:03:19",71.64,,,,,
"2021-11-06 07:35:07",71.70,,,,,
"2021-11-05 07:29:17",71.84,,,,,
"2021-11-04 06:41:12",71.86,,,,,
"2021-11-03 06:36:22",72.15,,,,,
"2021-11-02 08:00:44",71.09,,,,,
"2021-11-01 06:49:44",72.51,,,,,
"2021-10-31 08:16:33",70.79,,,,,
"2021-10-30 07:32:36",70.57,,,,,
"2021-10-29 06:47:09",70.82,,,,,
"2021-10-28 08:25:51",71.06,,,,,
"2021-10-27 07:06:38",71.07,,,,,
"2021-10-26 08:09:09",70.75,,,,,
"2021-10-25 06:46:52",71.32,,,,,
"2021-10-24 08:39:28",71.65,,,,,
"2021-10-23 07:12:11",71.02,,,,,
"2021-10-22 07:23:09",70.80,,,,,
"2021-10-21 06:58:58",70.65,,,,,
"2021-10-20 08:58:22",70.56,,,,,
"2021-10-19 06:29:45",70.66,,,,,
"2021-10-18 06:25:55",70.71,,,,,
"2021-10-17 09:31:21",70.69,,,,,
"2021-10-16 09:24:58",70.68,,,,,
"2021-10-14 07:17:03",70.50,,,,,
"2021-10-13 06:46:15",70.54,,,,,
"2021-10-12 06:56:49",70.92,,,,,
"2021-10-11 07:18:22",72.38,,,,,
"2021-10-11 07:00:25",73.09,,,,,
"2021-10-09 08:11:52",70.54,,,,,
"2021-10-08 06:31:35",71.60,,,,,
"2021-10-07 06:51:55",71.72,,,,,
"2021-10-06 06:50:12",71.32,,,,,
"2021-10-05 06:24:03",71.34,,,,,
"2021-10-04 06:49:01",71.27,,,,,
"2021-10-03 06:20:44",71.88,,,,,
"2021-10-02 07:41:22",71.53,,,,,
"2021-10-01 07:15:06",70.40,,,,,
"2021-09-30 06:28:27",71.12,,,,,
"2021-09-29 06:23:17",71.78,,,,,
"2021-09-28 09:36:00",71.81,,,,,
"2021-09-27 06:57:12",71.90,,,,,
"2021-09-25 07:07:50",71.23,,,,,
"2021-09-24 06:16:39",71.37,,,,,
"2021-09-23 06:26:12",71.19,,,,,
"2021-09-22 06:34:58",70.83,,,,,
"2021-09-21 06:11:45",71.92,,,,,
"2021-09-20 06:46:25",72.21,,,,,
"2021-09-20 06:13:50",72.79,,,,,
"2021-09-19 11:22:10",71.73,,,,,
"2021-09-19 10:04:04",71.99,,,,,
"2021-09-19 09:39:04",72.09,,,,,
"2021-09-18 09:23:10",71.22,,,,,
"2021-09-17 08:02:46",71.43,,,,,
"2021-09-16 07:45:28",70.61,,,,,
"2021-09-15 06:27:00",70.75,,,,,
"2021-09-14 08:24:08",70.63,,,,,
"2021-09-13 07:11:29",71.12,,,,,
"2021-09-12 07:33:28",72.15,,,,,
"2021-09-11 07:31:34",72.21,,,,,
"2021-09-10 07:06:43",72.06,,,,,
"2021-09-09 06:44:12",71.56,,,,,
"2021-09-08 06:32:53",71.98,,,,,
"2021-09-07 07:10:59",72.64,,,,,
"2021-08-30 08:51:39",71.37,,,,,
"2021-08-29 07:28:56",72.39,,,,,
"2021-08-28 06:38:39",70.88,,,,,
"2021-08-27 06:36:45",71.04,,,,,
"2021-08-26 07:48:41",70.75,,,,,
"2021-08-23 06:36:52",71.72,,,,,
"2021-08-22 06:13:57",72.29,,,,,
"2021-08-21 08:05:08",72.01,,,,,
"2021-08-20 09:13:35",70.94,,,,,
"2021-08-19 08:35:20",70.67,,,,,
"2021-08-18 06:30:34",71.51,,,,,
"2021-08-17 06:39:29",72.15,,,,,
"2021-08-15 08:26:03",71.23,,,,,
"2021-08-14 09:20:21",71.88,,,,,
"2021-08-13 06:37:40",72.12,,,,,
"2021-08-12 06:25:40",71.60,,,,,
"2021-08-11 07:00:56",71.01,,,,,
"2021-08-10 07:54:34",72.23,,,,,
"2021-08-09 07:04:10",72.71,,,,,
"2021-08-08 10:55:40",72.80,,,,,
"2021-08-07 10:09:48",72.28,,,,,
"2021-08-06 09:12:47",71.40,,,,,
"2021-08-05 08:19:06",70.77,,,,,
"2021-08-04 07:08:10",71.06,,,,,
"2021-08-03 06:46:04",71.74,,,,,
"2021-08-02 06:40:16",72.46,,,,,
"2021-07-31 06:49:29",71.39,,,,,
"2021-07-30 07:07:29",70.81,,,,,
"2021-07-29 06:54:55",70.64,,,,,
"2021-07-28 07:34:26",71.19,,,,,
"2021-07-27 07:00:26",71.26,,,,,
"2021-07-26 07:04:56",72.37,,,,,
"2021-07-25 07:52:42",71.79,,,,,
"2021-07-24 10:14:29",71.27,,,,,
"2021-07-23 08:18:44",72.10,,,,,
"2021-07-22 06:07:19",72.02,,,,,
"2021-07-21 06:56:33",71.79,,,,,
"2021-07-20 07:11:21",72.11,,,,,
"2021-07-19 07:28:20",72.02,,,,,
"2021-07-19 07:03:59",72.63,,,,,
"2021-07-18 08:31:22",72.07,,,,,
"2021-07-17 08:05:12",71.86,,,,,
"2021-07-16 06:58:54",72.38,,,,,
"2021-07-15 09:51:10",71.42,,,,,
"2021-07-14 07:14:25",71.95,,,,,
"2021-07-13 07:25:28",72.35,,,,,
"2021-07-12 06:16:49",72.37,,,,,
"2021-07-11 08:23:30",73.28,,,,,
"2021-07-10 09:01:41",73.13,,,,,
"2021-07-09 07:14:27",72.87,,,,,
"2021-07-08 07:51:17",72.50,,,,,
"2021-07-07 08:02:13",72.83,,,,,
"2021-07-06 07:15:45",73.03,,,,,
"2021-07-05 06:38:23",73.45,,,,,
"2021-07-04 09:39:48",73.85,,,,,
"2021-07-04 08:52:16",74.07,,,,,
"2021-07-03 07:47:26",72.88,,,,,
"2021-07-02 07:08:05",73.09,,,,,
"2021-07-01 06:31:22",73.63,,,,,
"2021-06-30 06:47:54",73.60,,,,,
"2021-06-29 06:33:28",74.29,,,,,
"2021-06-28 06:32:49",75.07,,,,,
"2021-06-27 10:30:24",73.99,,,,,
"2021-06-26 08:13:09",74.10,,,,,
"2021-06-25 07:41:20",74.22,,,,,
"2021-06-24 07:45:19",73.94,,,,,
"2021-06-23 07:29:33",73.62,,,,,
"2021-06-22 07:05:08",74.75,,,,,
"2021-06-21 06:09:59",74.85,,,,,
"2021-06-20 09:52:16",74.13,,,,,
"2021-06-19 09:13:36",74.73,,,,,
"2021-06-14 08:20:05",72.95,,,,,
"2021-06-13 08:31:10",73.26,,,,,
"2021-06-12 08:01:13",73.22,,,,,
"2021-06-11 07:31:33",73.15,,,,,
"2021-06-10 07:11:22",73.56,,,,,
"2021-06-10 06:47:36",73.75,,,,,
"2021-06-09 09:16:21",73.73,,,,,
"2021-06-08 06:46:44",72.99,,,,,
"2021-06-07 07:51:11",74.26,,,,,
"2021-06-06 08:05:42",73.95,,,,,
"2021-06-05 07:22:40",73.68,,,,,
"2021-06-04 06:35:20",72.78,,,,,
"2021-06-03 07:13:43",73.87,,,,,
"2021-06-02 06:56:18",72.87,,,,,
"2021-06-01 06:57:48",73.23,,,,,
"2021-05-31 08:01:03",72.90,,,,,
"2021-05-30 08:03:30",73.55,,,,,
"2021-05-29 07:55:14",73.37,,,,,
"2021-05-28 07:46:50",73.72,,,,,
"2021-05-27 07:35:42",73.97,,,,,
"2021-05-26 07:29:11",74.46,,,,,
"2021-05-25 07:50:57",73.51,,,,,
"2021-05-24 06:24:58",74.52,,,,,
"2021-05-23 09:29:39",74.15,,,,,
"2021-05-22 09:31:36",73.40,,,,,
"2021-05-21 07:21:53",73.59,,,,,
"2021-05-20 07:32:09",72.58,,,,,
"2021-05-19 04:05:19",73.57,,,,,
"2021-05-18 08:06:30",73.34,,,,,
"2021-05-17 07:06:15",73.49,,,,,
"2021-05-16 09:37:40",72.86,,,,,
"2021-05-16 09:31:04",72.94,,,,,
"2021-05-15 07:30:27",72.91,,,,,
"2021-05-11 07:36:26",73.26,,,,,
"2021-05-07 06:09:18",72.64,,,,,
"2021-05-06 08:23:06",73.52,,,,,
"2021-05-05 06:58:18",72.52,,,,,
"2021-05-04 06:39:00",72.81,,,,,
"2021-05-03 07:50:22",73.41,,,,,
"2021-05-02 09:12:27",73.95,,,,,
"2021-04-30 06:53:18",72.27,,,,,
"2021-04-29 07:26:51",71.79,,,,,
"2021-04-28 07:44:29",72.26,,,,,
"2021-04-27 07:16:48",72.26,,,,,
"2021-04-26 06:47:25",73.40,,,,,
"2021-04-25 07:30:17",72.93,,,,,
"2021-04-24 07:52:22",72.62,,,,,
"2021-04-23 07:29:09",72.72,,,,,
"2021-04-22 06:45:22",72.96,,,,,
"2021-04-21 08:15:37",72.53,,,,,
"2021-04-20 07:29:20",72.26,,,,,
"2021-04-19 07:00:08",73.23,,,,,
"2021-04-18 08:21:10",73.62,,,,,
"2021-04-17 08:08:01",72.85,,,,,
"2021-04-16 06:50:21",72.80,,,,,
"2021-04-15 07:00:55",73.10,,,,,
"2021-04-14 06:53:52",72.53,,,,,
"2021-04-13 07:01:49",72.74,,,,,
"2021-04-12 06:35:28",73.38,,,,,
"2021-04-10 07:41:18",72.58,,,,,
"2021-04-09 06:53:05",72.27,,,,,
"2021-04-08 07:34:54",72.27,,,,,
"2021-04-07 07:23:40",72.23,,,,,
"2021-04-06 06:36:37",72.85,,,,,
"2021-04-05 07:40:21",73.13,,,,,
"2021-04-04 08:25:23",73.32,,,,,
"2021-04-03 08:32:17",73.44,,,,,
"2021-04-02 09:24:47",72.81,,,,,
"2021-04-01 07:12:59",72.52,,,,,
"2021-03-31 07:15:43",72.30,,,,,
"2021-03-30 06:31:26",73.14,,,,,
"2021-03-29 06:28:31",73.19,,,,,
"2021-03-28 10:42:30",73.44,,,,,
"2021-03-27 07:38:20",72.24,,,,,
"2021-03-26 06:29:23",73.29,,,,,
"2021-03-25 06:22:29",72.44,,,,,
"2021-03-24 06:19:16",72.68,,,,,
"2021-03-23 07:47:11",73.33,,,,,
"2021-03-22 06:22:12",74.51,,,,,
"2021-03-21 07:22:57",73.35,,,,,
"2021-03-20 06:44:51",73.23,,,,,
"2021-03-19 06:18:57",73.18,,,,,
"2021-03-18 06:12:34",72.76,,,,,
"2021-03-17 06:20:20",72.32,,,,,
"2021-03-16 06:04:55",72.90,,,,,
"2021-03-15 06:20:11",73.53,,,,,
"2021-03-14 07:10:55",72.93,,,,,
"2021-03-13 08:05:57",71.81,,,,,
"2021-03-12 06:20:18",73.21,,,,,
"2021-03-11 06:27:48",72.72,,,,,
"2021-03-10 06:23:32",73.66,,,,,
"2021-03-09 06:19:39",73.41,,,,,
"2021-03-07 07:54:04",72.35,,,,,
"2021-03-06 08:31:54",71.99,,,,,
"2021-03-05 06:33:30",73.63,,,,,
"2021-03-04 06:15:38",73.46,,,,,
"2021-03-03 06:16:52",73.43,,,,,
"2021-03-02 06:21:59",73.86,,,,,
"2021-03-01 07:27:30",73.04,,,,,
"2021-02-28 07:48:53",73.54,,,,,
"2021-02-27 06:43:12",73.20,,,,,
"2021-02-26 06:52:13",73.18,,,,,
"2021-02-25 08:11:17",73.30,,,,,
"2021-02-24 06:25:22",73.74,,,,,
"2021-02-23 06:11:35",73.15,,,,,
"2021-02-22 06:17:37",73.45,,,,,
"2021-02-21 08:19:31",73.30,,,,,
"2021-02-20 09:36:09",72.75,,,,,
"2021-02-19 06:48:41",73.87,,,,,
"2021-02-18 06:22:58",74.23,,,,,
"2021-02-17 06:18:40",74.55,,,,,
"2021-02-15 06:36:34",74.10,,,,,
"2021-02-14 07:59:41",73.96,,,,,
"2021-02-13 08:18:46",73.68,,,,,
"2021-02-12 07:28:16",73.80,,,,,
"2021-02-11 06:33:15",73.77,,,,,
"2021-02-10 06:20:09",73.67,,,,,
"2021-02-09 06:18:25",74.80,,,,,
"2021-02-08 06:19:51",74.83,,,,,
"2021-02-07 07:13:08",74.48,,,,,
"2021-02-06 07:29:41",74.03,,,,,
"2021-02-05 09:36:52",73.74,,,,,
"2021-02-04 06:21:57",73.87,,,,,
"2021-02-03 06:21:24",74.15,,,,,
"2021-02-02 06:18:04",73.43,,,,,
"2021-02-01 05:53:04",73.51,,,,,
"2021-01-30 09:38:35",73.77,,,,,
"2021-01-29 09:07:38",72.98,,,,,
"2021-01-28 08:47:38",73.86,,,,,
"2021-01-27 08:19:15",74.32,,,,,
"2021-01-26 09:04:54",73.83,,,,,
"2021-01-25 07:03:47",74.20,,,,,
"2021-01-24 08:26:32",73.49,,,,,
"2021-01-23 08:11:12",73.78,,,,,
"2021-01-22 08:51:42",73.93,,,,,
"2021-01-21 07:02:06",73.93,,,,,
"2021-01-20 07:00:59",72.99,,,,,
"2021-01-19 07:29:30",74.27,,,,,
"2021-01-18 07:00:17",74.63,,,,,
"2021-01-17 07:43:31",74.47,,,,,
"2021-01-16 07:41:54",73.54,,,,,
"2021-01-15 07:08:48",74.15,,,,,
"2021-01-14 08:06:33",74.05,,,,,
"2021-01-13 07:29:11",73.22,,,,,
"2021-01-12 06:45:30",74.23,,,,,
"2021-01-11 06:28:20",73.80,,,,,
"2021-01-10 07:02:52",73.80,,,,,
"2021-01-09 07:51:02",73.26,,,,,
"2021-01-08 06:51:31",74.62,,,,,
"2021-01-07 06:45:33",74.55,,,,,
"2021-01-06 07:05:31",74.68,,,,,
"2021-01-05 06:47:23",73.76,,,,,
"2021-01-04 06:30:07",73.70,,,,,
"2021-01-03 06:54:09",73.82,,,,,
"2021-01-02 07:29:36",74.41,,,,,
"2021-01-01 08:41:56",74.84,,,,,
"2020-12-31 09:02:57",75.09,,,,,
"2020-12-30 08:31:18",74.40,,,,,
"2020-12-29 09:18:14",74.32,,,,,
"2020-12-28 09:33:41",74.09,,,,,
"2020-12-27 09:33:57",74.09,,,,,
"2020-12-25 08:13:12",73.91,,,,,
"2020-12-24 10:13:31",73.44,,,,,
"2020-12-23 06:54:47",73.84,,,,,
"2020-12-22 08:53:45",74.47,,,,,
"2020-12-21 06:53:55",74.58,,,,,
"2020-12-20 08:18:30",73.45,,,,,
"2020-12-19 10:10:31",72.91,,,,,
"2020-12-18 06:52:31",74.08,,,,,
"2020-12-17 08:18:38",73.62,,,,,
"2020-12-16 06:40:07",74.54,,,,,
"2020-12-14 06:38:19",74.56,,,,,
"2020-12-13 08:07:13",73.41,,,,,
"2020-12-12 08:01:40",72.58,,,,,
"2020-12-11 06:32:30",73.53,,,,,
"2020-12-09 08:36:35",72.98,,,,,
"2020-12-08 06:17:44",73.11,,,,,
"2020-12-07 06:28:39",73.96,,,,,
"2020-12-06 07:35:04",73.85,,,,,
"2020-12-05 07:59:06",73.03,,,,,
"2020-12-04 06:54:49",73.31,,,,,
"2020-12-03 06:55:11",72.98,,,,,
"2020-12-02 06:26:19",74.59,,,,,
"2020-12-01 09:11:41",74.59,,,,,
"2020-11-30 06:36:32",73.85,,,,,
"2020-11-29 08:47:19",73.66,,,,,
"2020-11-28 09:14:48",73.00,,,,,
"2020-11-27 06:23:41",74.02,,,,,
"2020-11-26 06:35:37",73.99,,,,,
"2020-11-25 06:20:05",73.41,,,,,
"2020-11-24 06:13:11",74.03,,,,,
"2020-11-23 06:14:15",74.16,,,,,
"2020-11-22 07:17:38",74.62,,,,,
"2020-11-21 08:51:28",73.15,,,,,
"2020-11-19 06:50:00",73.87,,,,,
"2020-11-18 06:40:37",73.62,,,,,
"2020-11-17 06:48:14",74.07,,,,,
"2020-11-16 06:25:47",74.16,,,,,
"2020-11-15 07:17:00",73.59,,,,,
"2020-11-14 07:17:19",73.61,,,,,
"2020-11-13 07:58:41",73.43,,,,,
"2020-11-13 07:58:24",71.98,,,,,
"2020-11-12 06:43:13",73.71,,,,,
"2020-11-11 07:11:45",74.60,,,,,
"2020-11-10 06:44:38",73.59,,,,,
"2020-11-09 06:29:00",73.73,,,,,
"2020-11-08 08:03:23",74.27,,,,,
"2020-11-07 08:58:37",72.92,,,,,
"2020-11-06 09:11:37",73.96,,,,,
"2020-11-05 08:06:37",73.49,,,,,
"2020-11-04 08:18:11",73.62,,,,,
"2020-11-03 08:02:17",74.19,,,,,
"2020-11-02 06:23:31",74.67,,,,,
"2020-11-01 09:55:30",74.79,,,,,
"2020-10-31 08:11:16",71.84,,,,,
"2020-10-30 08:18:15",72.93,,,,,
"2020-10-27 06:59:22",72.93,,,,,
"2020-10-26 06:40:31",73.33,,,,,
"2020-10-25 07:36:21",72.01,,,,,
"2020-10-24 07:21:41",71.80,,,,,
"2020-10-23 06:51:45",72.48,,,,,
"2020-10-22 06:46:34",72.83,,,,,
"2020-10-21 08:41:11",72.13,,,,,
"2020-10-20 06:59:01",72.52,,,,,
"2020-10-19 06:52:10",72.55,,,,,
"2020-10-18 08:17:34",73.21,,,,,
"2020-10-16 07:09:41",73.25,,,,,
"2020-10-15 07:04:50",73.29,,,,,
"2020-10-14 06:52:31",73.79,,,,,
"2020-10-13 06:50:26",73.14,,,,,
"2020-10-12 06:34:29",72.98,,,,,
"2020-10-11 08:52:18",72.09,,,,,
"2020-10-10 08:14:57",71.96,,,,,
"2020-10-09 09:29:07",71.94,,,,,
"2020-10-08 06:50:38",73.33,,,,,
"2020-10-07 06:51:30",72.14,,,,,
"2020-10-06 07:00:38",72.93,,,,,
"2020-10-05 06:55:54",72.68,,,,,
"2020-10-04 10:36:13",72.78,,,,,
"2020-10-03 10:07:14",72.53,,,,,
"2020-10-02 06:40:57",72.20,,,,,
"2020-10-01 07:24:18",72.68,,,,,
"2020-09-30 07:44:35",72.63,,,,,
"2020-09-29 06:51:31",72.35,,,,,
"2020-09-28 06:46:14",73.30,,,,,
"2020-09-27 09:58:55",73.46,,,,,
"2020-09-26 07:50:32",71.91,,,,,
"2020-09-25 06:52:00",72.24,,,,,
"2020-09-24 07:09:34",71.43,,,,,
"2020-09-23 06:39:07",72.68,,,,,
"2020-09-22 07:04:27",72.08,,,,,
"2020-09-21 06:33:24",72.88,,,,,
"2020-09-20 08:17:37",73.25,,,,,
"2020-09-18 08:49:00",73.22,,,,,
"2020-09-17 09:01:33",72.33,,,,,
"2020-09-16 06:51:36",72.00,,,,,
"2020-09-15 06:56:02",72.58,,,,,
"2020-09-14 06:57:10",72.62,,,,,
"2020-09-13 07:13:43",72.32,,,,,
"2020-09-12 07:17:11",71.49,,,,,
"2020-09-11 06:49:36",72.58,,,,,
"2020-09-10 06:49:22",72.26,,,,,
"2020-09-09 06:43:32",72.59,,,,,
"2020-09-08 07:52:48",72.71,,,,,
"2020-09-07 07:11:13",72.71,,,,,
"2020-09-06 07:20:47",73.90,,,,,
"2020-09-05 08:54:16",72.24,,,,,
"2020-09-04 06:58:14",72.91,,,,,
"2020-09-03 06:56:58",72.81,,,,,
"2020-09-02 06:53:04",72.81,,,,,
"2020-09-01 06:45:49",73.56,,,,,
"2020-08-31 07:19:46",72.74,,,,,
"2020-08-30 06:59:26",72.56,,,,,
"2020-08-29 07:39:32",73.22,,,,,
"2020-08-24 06:48:23",73.48,,,,,
"2020-08-23 10:49:25",72.73,,,,,
"2020-08-22 07:36:44",72.27,,,,,
"2020-08-21 08:10:26",72.11,,,,,
"2020-08-20 07:40:56",72.71,,,,,
"2020-08-19 07:53:22",72.65,,,,,
"2020-08-18 08:15:04",73.54,,,,,
"2020-08-17 07:04:32",72.66,,,,,
"2020-08-16 07:42:14",73.58,,,,,
"2020-08-15 08:05:49",73.24,,,,,
"2020-08-14 07:38:50",73.71,,,,,
"2020-08-13 08:41:18",73.49,,,,,
"2020-08-12 07:47:19",72.41,,,,,
"2020-08-11 07:16:28",72.75,,,,,
"2020-08-10 08:22:07",73.28,,,,,
"2020-08-09 08:22:40",73.45,,,,,
"2020-08-08 07:29:59",72.51,,,,,
"2020-08-07 07:08:28",72.49,,,,,
"2020-08-06 06:38:44",72.14,,,,,
"2020-08-05 06:50:45",73.16,,,,,
"2020-08-04 06:43:04",72.81,,,,,
"2020-08-03 06:36:35",73.30,,,,,
"2020-08-02 10:18:26",72.07,,,,,
"2020-08-01 06:22:37",71.95,,,,,
"2020-07-31 07:52:36",71.59,,,,,
"2020-07-30 06:39:22",72.42,,,,,
"2020-07-29 07:55:01",72.05,,,,,
"2020-07-28 06:57:40",72.36,,,,,
"2020-07-27 07:00:08",73.04,,,,,
"2020-07-26 06:32:40",72.63,,,,,
"2020-07-25 08:10:14",71.59,,,,,
"2020-07-24 06:48:34",72.46,,,,,
"2020-07-23 06:41:14",71.94,,,,,
"2020-07-21 06:55:38",71.69,,,,,
"2020-07-20 06:46:42",71.60,,,,,
"2020-07-19 07:56:31",72.11,,,,,
"2020-07-18 07:16:29",71.43,,,,,
"2020-07-17 07:00:45",71.45,,,,,
"2020-07-16 06:56:57",71.59,,,,,
"2020-07-15 07:19:28",71.82,,,,,
"2020-07-14 06:48:06",72.63,,,,,
"2020-07-13 06:43:45",71.99,,,,,
"2020-07-12 07:25:40",72.48,,,,,
"2020-07-11 08:04:44",71.51,,,,,
"2020-07-10 06:48:47",72.01,,,,,
"2020-07-09 06:49:15",71.77,,,,,
"2020-07-08 07:04:13",71.60,,,,,
"2020-07-07 06:45:32",72.32,,,,,
"2020-07-06 06:36:24",72.24,,,,,
"2020-07-05 07:36:14",72.09,,,,,
"2020-07-04 07:19:03",72.18,,,,,
"2020-07-03 06:50:30",72.29,,,,,
"2020-07-02 06:53:47",72.21,,,,,
"2020-07-01 07:53:36",71.80,,,,,
"2020-06-30 06:33:45",71.82,,,,,
"2020-06-29 12:49:00",72.23,,,,,
"2020-06-29 06:30:57",73.28,,,,,
"2020-06-28 08:37:08",72.16,,,,,
"2020-06-27 07:56:57",72.45,,,,,
"2020-06-26 06:48:22",71.38,,,,,
"2020-06-25 06:52:44",71.40,,,,,
"2020-06-24 06:47:29",71.90,,,,,
"2020-06-23 06:45:10",71.66,,,,,
"2020-06-22 06:41:28",71.74,,,,,
"2020-06-21 07:56:54",72.01,,,,,
"2020-06-19 07:36:43",72.15,,,,,
"2020-06-18 07:01:21",71.43,,,,,
"2020-06-17 06:49:18",72.10,,,,,
"2020-06-16 08:27:48",72.43,,,,,
"2020-06-15 06:59:35",72.10,,,,,
"2020-06-14 07:31:27",72.03,,,,,
"2020-06-13 08:51:56",71.61,,,,,
"2020-06-12 06:47:37",72.07,,,,,
"2020-06-11 06:46:18",71.70,,,,,
"2020-06-10 06:55:28",72.38,,,,,
"2020-06-09 06:56:04",71.74,,,,,
"2020-06-08 08:08:11",71.72,,,,,
"2020-06-07 07:09:05",72.04,,,,,
"2020-06-05 07:03:12",71.86,,,,,
"2020-06-04 06:11:21",71.82,,,,,
"2020-06-03 06:15:49",71.05,,,,,
"2020-06-02 06:03:09",71.18,,,,,
"2020-06-01 06:16:28",71.06,,,,,
"2020-05-31 06:50:05",71.57,,,,,
"2020-05-30 06:42:14",71.82,,,,,
"2020-05-29 08:10:55",71.57,,,,,
"2020-05-27 06:07:04",70.93,,,,,
"2020-05-26 06:22:45",71.08,,,,,
"2020-05-25 06:47:02",71.38,,,,,
"2020-05-24 08:54:19",71.09,,,,,
"2020-05-23 07:58:04",71.50,,,,,
"2020-05-22 06:29:35",70.53,,,,,
"2020-05-21 06:09:16",70.37,,,,,
"2020-05-20 06:54:26",70.71,,,,,
"2020-05-19 06:19:02",71.22,,,,,
"2020-05-18 06:26:56",71.51,,,,,
"2020-05-16 09:52:32",71.42,,,,,
"2020-05-15 06:35:10",72.24,,,,,
"2020-05-14 06:15:35",71.43,,,,,
"2020-05-13 06:10:39",71.58,,,,,
"2020-05-12 06:19:05",71.60,,,,,
"2020-05-11 07:25:03",71.37,,,,,
"2020-05-10 09:04:40",71.46,,,,,
"2020-05-09 07:50:12",71.69,,,,,
"2020-05-08 08:00:35",71.34,,,,,
"2020-05-06 07:19:00",71.30,,,,,
"2020-05-05 06:42:54",71.32,,,,,
"2020-05-04 06:41:56",71.60,,,,,
"2020-05-03 08:36:07",71.06,,,,,
"2020-05-02 09:35:17",70.64,,,,,
"2020-05-01 07:06:48",70.84,,,,,
"2020-04-30 07:21:45",71.42,,,,,
"2020-04-29 07:20:44",72.26,,,,,
"2020-04-28 06:22:03",71.94,,,,,
"2020-04-27 06:30:08",71.41,,,,,
"2020-04-26 09:22:29",71.07,,,,,
"2020-04-25 06:32:00",70.40,,,,,
"2020-04-24 07:20:32",70.42,,,,,
"2020-04-23 07:00:38",70.78,,,,,
"2020-04-22 08:31:50",70.79,,,,,
"2020-04-21 06:09:28",71.73,,,,,
"2020-04-20 06:48:52",72.08,,,,,
"2020-04-19 08:33:22",72.05,,,,,
"2020-04-18 06:10:27",71.53,,,,,
"2020-04-17 08:12:28",71.33,,,,,
"2020-04-16 08:51:34",71.17,,,,,
"2020-04-15 06:59:30",71.45,,,,,
"2020-04-14 07:04:41",71.08,,,,,
"2020-04-13 07:08:34",70.84,,,,,
"2020-04-12 07:00:17",70.36,,,,,
"2020-04-11 07:06:01",71.45,,,,,
"2020-04-10 09:50:03",70.67,,,,,
"2020-04-09 06:45:44",71.23,,,,,
"2020-04-08 06:43:15",71.81,,,,,
"2020-04-07 06:12:53",71.81,,,,,
"2020-04-06 06:51:00",71.05,,,,,
"2020-04-05 06:59:13",71.69,,,,,
"2020-04-04 10:38:50",71.00,,,,,
"2020-04-03 06:56:55",71.02,,,,,
"2020-04-02 06:51:27",71.30,,,,,
"2020-04-01 07:09:50",71.18,,,,,
"2020-03-31 06:46:15",71.73,,,,,
"2020-03-30 06:52:49",71.77,,,,,
"2020-03-29 10:04:02",71.15,,,,,
"2020-03-28 08:02:26",70.61,,,,,
"2020-03-27 07:03:10",70.70,,,,,
"2020-03-26 06:46:27",71.44,,,,,
"2020-03-25 06:58:26",71.76,,,,,
"2020-03-24 06:43:22",71.64,,,,,
"2020-03-23 06:53:45",71.59,,,,,
"2020-03-22 07:15:51",70.79,,,,,
"2020-03-21 07:54:24",70.84,,,,,
"2020-03-20 08:46:08",70.96,,,,,
"2020-03-19 07:51:13",70.86,,,,,
"2020-03-18 08:05:00",70.59,,,,,
"2020-03-17 08:01:14",70.66,,,,,
"2020-03-16 05:55:13",72.34,,,,,
"2020-03-15 09:09:49",72.08,,,,,
"2020-03-14 06:35:15",70.78,,,,,
"2020-03-13 06:44:11",70.95,,,,,
"2020-03-12 05:51:06",71.21,,,,,
"2020-03-11 06:36:06",71.84,,,,,
"2020-03-10 07:57:55",70.41,,,,,
"2020-03-09 05:35:24",71.23,,,,,
"2020-03-08 08:12:45",70.68,,,,,
"2020-03-07 07:01:41",70.75,,,,,
"2020-03-06 06:30:04",71.14,,,,,
"2020-03-05 06:02:52",71.53,,,,,
"2020-03-03 08:01:56",71.02,,,,,
"2020-03-02 05:53:08",71.45,,,,,
"2020-03-01 07:45:49",71.22,,,,,
"2020-02-29 10:18:14",70.55,,,,,
"2020-02-28 06:57:54",70.81,,,,,
"2020-02-27 06:46:46",71.54,,,,,
"2020-02-25 06:47:27",71.29,,,,,
"2020-02-24 05:57:46",71.51,,,,,
"2020-02-23 08:17:25",71.20,,,,,
"2020-02-22 08:56:14",70.40,,,,,
"2020-02-21 06:55:28",71.09,,,,,
"2020-02-20 05:53:53",70.95,,,,,
"2020-02-19 06:44:27",71.83,,,,,
"2020-02-18 09:03:01",71.23,,,,,
"2020-02-17 05:43:04",71.91,,,,,
"2020-02-16 09:29:37",72.46,,,,,
"2020-02-15 06:57:14",70.94,,,,,
"2020-02-14 07:21:00",71.66,,,,,
"2020-02-13 05:48:53",71.56,,,,,
"2020-02-12 06:59:05",70.65,,,,,
"2020-02-11 05:55:55",70.51,,,,,
"2020-02-10 05:52:39",71.38,,,,,
"2020-02-09 09:41:27",71.15,,,,,
"2020-02-08 06:45:42",71.43,,,,,
"2020-02-07 06:23:55",71.53,,,,,
"2020-02-06 09:42:33",69.91,,,,,
"2020-02-05 07:51:59",70.91,,,,,
"2020-02-04 08:03:10",71.43,,,,,
"2020-02-03 06:08:20",71.55,,,,,
"2020-02-02 08:20:54",71.69,,,,,
"2020-02-01 08:23:56",71.14,,,,,
"2020-01-31 07:01:18",71.14,,,,,
"2020-01-30 05:50:16",71.31,,,,,
"2020-01-29 06:46:58",71.91,,,,,
"2020-01-28 08:04:14",72.34,,,,,
"2020-01-27 07:32:39",72.26,,,,,
"2020-01-26 07:12:17",72.06,,,,,
"2020-01-25 06:48:24",70.93,,,,,
"2020-01-24 06:41:47",71.65,,,,,
"2020-01-23 06:45:30",71.58,,,,,
"2020-01-22 05:44:20",72.34,,,,,
"2020-01-22 05:43:27",72.39,,,,,
"2020-01-21 21:35:20",72.00,,,,,
